{
  "314216283484717057": {
    "exp": 100,
    "level": 14
  },
  "177583683014885377": {
    "exp": 5,
    "level": 2
  },
  "260929991469039616": {
    "exp": 1
  },
  "265169479657324544": {
    "exp": 1
  },
  "244975576656510977": {
    "exp": 6,
    "level": 1
  },
  "285899612588605441": {
    "exp": 4,
    "level": 1
  },
  "136711329506525184": {
    "exp": 2,
    "level": 1
  },
  "226786548681670661": {
    "exp": 3,
    "level": 1
  },
  "285237704042741761": {
    "exp": 1,
    "level": 1
  },
  "403325041871290368": {
    "exp": 1,
    "level": 1
  },
  "335878128264282112": {
    "exp": 1
  },
  "181632384444137472": {
    "exp": 1,
    "level": 1
  },
  "449596033169620992": {
    "exp": 26,
    "level": 3
  },
  "284227352639176706": {
    "exp": 19,
    "level": 8
  },
  "231733082804322304": {
    "exp": 2,
    "level": 1
  },
  "314523942130024449": {
    "exp": 23,
    "level": 21
  },
  "315804681152495616": {
    "exp": 24,
    "level": 4
  },
  "256263183508045824": {
    "exp": 9,
    "level": 1
  },
  "294129532531638272": {
    "exp": 3,
    "level": 1
  },
  "164831175725023232": {
    "exp": 4,
    "level": 1
  },
  "210542490539786240": {
    "exp": 1,
    "level": 1
  },
  "341397391372451840": {
    "exp": 2,
    "level": 1
  },
  "95579865788456960": {
    "exp": 2,
    "level": 1
  },
  "299708692129906692": {
    "exp": 29,
    "level": 4
  },
  "202787241238462464": {
    "exp": 1,
    "level": 1
  },
  "337405821526867968": {
    "exp": 7,
    "level": 2
  },
  "173645394096553984": {
    "exp": 15,
    "level": 4
  },
  "217827385360252929": {
    "exp": 14,
    "level": 2
  },
  "100024866966630400": {
    "exp": 1,
    "level": 1
  },
  "243062458191708160": {
    "exp": 2,
    "level": 1
  },
  "246402733010059266": {
    "exp": 5,
    "level": 1
  },
  "172571295077105664": {
    "exp": 6,
    "level": 1
  },
  "255363060716273664": {
    "exp": 1,
    "level": 1
  },
  "247741991310327810": {
    "exp": 1,
    "level": 1
  },
  "211072893973430272": {
    "exp": 1,
    "level": 1
  },
  "286270602820452353": {
    "exp": 5,
    "level": 1
  },
  "376672926721638410": {
    "exp": 2,
    "level": 1
  },
  "431177278207295500": {
    "exp": 4,
    "level": 1
  },
  "315474735641264129": {
    "exp": 27,
    "level": 3
  },
  "344580815834841088": {
    "exp": 3,
    "level": 1
  },
  "146470137128550400": {
    "exp": 2,
    "level": 1
  },
  "328946909999792128": {
    "exp": 1,
    "level": 1
  },
  "238808820120289281": {
    "exp": 4,
    "level": 1
  },
  "194231875525541888": {
    "exp": 1,
    "level": 1
  },
  "243392815768403969": {
    "exp": 2,
    "level": 1
  },
  "224286358464626688": {
    "exp": 1,
    "level": 1
  },
  "359802627925737482": {
    "exp": 1,
    "level": 1
  },
  "155800433900650497": {
    "exp": 2,
    "level": 1
  },
  "163965466455441408": {
    "exp": 1,
    "level": 1
  },
  "138498917535842304": {
    "exp": 8,
    "level": 1
  },
  "402430328700141569": {
    "exp": 1,
    "level": 1
  },
  "183703237491294210": {
    "exp": 2,
    "level": 1
  },
  "445500390319063040": {
    "exp": 1,
    "level": 1
  },
  "202838929030774794": {
    "exp": 5,
    "level": 1
  },
  "191666544990748673": {
    "exp": 1,
    "level": 1
  },
  "415570038175825930": {
    "exp": 6,
    "level": 1
  },
  "341367366174769163": {
    "exp": 2,
    "level": 1
  },
  "349617535684968451": {
    "exp": 2,
    "level": 1
  },
  "172395749814960134": {
    "exp": 19,
    "level": 3
  },
  "206595774186782720": {
    "exp": 1,
    "level": 1
  },
  "270885752680873985": {
    "exp": 1,
    "level": 1
  },
  "146628189186293760": {
    "exp": 1,
    "level": 1
  },
  "269589652837629952": {
    "exp": 1,
    "level": 1
  },
  "302676690776358913": {
    "exp": 2,
    "level": 1
  },
  "418613954193915904": {
    "exp": 2,
    "level": 2
  },
  "392441246238375936": {
    "exp": 2,
    "level": 1
  },
  "341961533410115585": {
    "exp": 1,
    "level": 1
  },
  "132600552281473024": {
    "exp": 3,
    "level": 2
  },
  "199780653129007106": {
    "exp": 3,
    "level": 2
  },
  "410599481243860993": {
    "exp": 1,
    "level": 1
  },
  "238747674663190528": {
    "exp": 9,
    "level": 1
  },
  "127585801146990594": {
    "exp": 2,
    "level": 1
  },
  "375357339156348928": {
    "exp": 3,
    "level": 1
  },
  "210135769858179072": {
    "exp": 2,
    "level": 1
  },
  "142608168332165120": {
    "exp": 1,
    "level": 1
  },
  "424339143678623745": {
    "exp": 2,
    "level": 1
  },
  "175344290350891008": {
    "exp": 19,
    "level": 2
  },
  "300580158631575552": {
    "exp": 4,
    "level": 1
  },
  "210045496721539072": {
    "exp": 5,
    "level": 1
  },
  "227765761857421312": {
    "exp": 4,
    "level": 1
  },
  "309069997601325066": {
    "exp": 2,
    "level": 1
  },
  "188051214691205120": {
    "exp": 1,
    "level": 1
  },
  "268234708511358976": {
    "exp": 1,
    "level": 1
  },
  "407963571666944011": {
    "exp": 5,
    "level": 1
  },
  "280528842508992513": {
    "exp": 8,
    "level": 2
  },
  "414819336050704394": {
    "exp": 3,
    "level": 1
  },
  "397508990478712832": {
    "exp": 1,
    "level": 1
  },
  "329869744910106624": {
    "exp": 0,
    "level": 2
  },
  "318859161599213569": {
    "exp": 4,
    "level": 1
  },
  "134021998740373505": {
    "exp": 3,
    "level": 1
  },
  "124721582433239040": {
    "exp": 1,
    "level": 1
  },
  "419675874816950272": {
    "exp": 1,
    "level": 1
  },
  "268123358443470848": {
    "exp": 1,
    "level": 1
  },
  "440235604312064001": {
    "exp": 1,
    "level": 1
  },
  "246092487586873344": {
    "exp": 1,
    "level": 1
  },
  "346789238689366017": {
    "exp": 1,
    "level": 1
  },
  "448937545791700995": {
    "exp": 1,
    "level": 1
  },
  "319223433663873025": {
    "exp": 1,
    "level": 1
  },
  "409547892622360576": {
    "exp": 2,
    "level": 1
  },
  "152307551730401280": {
    "exp": 1,
    "level": 1
  },
  "165677664718422016": {
    "exp": 7,
    "level": 1
  },
  "221250149999968256": {
    "exp": 3,
    "level": 1
  },
  "162969778699501569": {
    "exp": 8,
    "level": 3
  },
  "228369881542819841": {
    "exp": 1,
    "level": 1
  },
  "232392107065737216": {
    "exp": 2,
    "level": 1
  },
  "441806788988502026": {
    "exp": 1,
    "level": 1
  },
  "248209957088919553": {
    "exp": 2,
    "level": 1
  },
  "225391805737336833": {
    "exp": 1,
    "level": 1
  },
  "404986474359160843": {
    "exp": 1,
    "level": 1
  },
  "286166184402092042": {
    "exp": 1,
    "level": 1
  },
  "280889086276009997": {
    "exp": 2,
    "level": 1
  },
  "297168778834345984": {
    "exp": 1,
    "level": 1
  },
  "333773493533540385": {
    "exp": 1,
    "level": 1
  },
  "357976413975871488": {
    "exp": 1,
    "level": 1
  },
  "191256703377866752": {
    "exp": 1,
    "level": 1
  },
  "326767002444365825": {
    "exp": 4,
    "level": 1
  },
  "399132955714256896": {
    "exp": 1,
    "level": 1
  },
  "394489373242163201": {
    "exp": 17,
    "level": 2
  },
  "159393547231952897": {
    "exp": 3,
    "level": 2
  },
  "272699940776574976": {
    "exp": 6,
    "level": 1
  },
  "319675823231598592": {
    "exp": 1,
    "level": 1
  },
  "202835050864050176": {
    "exp": 3,
    "level": 1
  },
  "105122038586286080": {
    "exp": 1,
    "level": 1
  },
  "221893285759811584": {
    "exp": 3,
    "level": 1
  },
  "441611813319081994": {
    "exp": 1,
    "level": 1
  },
  "238765925736644628": {
    "exp": 4,
    "level": 1
  },
  "238746395366916106": {
    "exp": 7,
    "level": 1
  },
  "349345702616236034": {
    "exp": 1,
    "level": 1
  },
  "186247339206377472": {
    "exp": 1,
    "level": 1
  },
  "439327545557778433": {
    "exp": 2,
    "level": 1
  },
  "121778827788550146": {
    "exp": 2,
    "level": 1
  },
  "408038364013527052": {
    "exp": 1,
    "level": 2
  },
  "386861188891279362": {
    "exp": 1,
    "level": 1
  },
  "222554302793646083": {
    "exp": 1,
    "level": 1
  },
  "175589848982355978": {
    "exp": 4,
    "level": 1
  },
  "167452465317281793": {
    "exp": 2,
    "level": 1
  },
  "277807270375456769": {
    "exp": 3,
    "level": 1
  },
  "191609301121499137": {
    "exp": 4,
    "level": 1
  },
  "271504747356225537": {
    "exp": 2,
    "level": 1
  },
  "418486714013581332": {
    "exp": 5,
    "level": 1
  },
  "277488965798330379": {
    "exp": 1,
    "level": 1
  },
  "136549806079344640": {
    "exp": 3,
    "level": 1
  },
  "260473969256169482": {
    "exp": 1,
    "level": 1
  },
  "189782657591148553": {
    "exp": 2,
    "level": 1
  },
  "136133821165862912": {
    "exp": 2,
    "level": 1
  },
  "387077581607796738": {
    "exp": 2,
    "level": 1
  },
  "414497697232322560": {
    "exp": 1,
    "level": 1
  },
  "338869304470536195": {
    "exp": 1,
    "level": 1
  },
  "140535726797225985": {
    "exp": 1,
    "level": 1
  },
  "238741283139485697": {
    "exp": 3,
    "level": 1
  },
  "448843378163974155": {
    "exp": 1,
    "level": 1
  },
  "237326574288896001": {
    "exp": 1,
    "level": 1
  },
  "311290395969454082": {
    "exp": 1,
    "level": 1
  },
  "419243569820336130": {
    "exp": 5,
    "level": 2
  },
  "343511493410553856": {
    "exp": 3,
    "level": 1
  },
  "307942545776967680": {
    "exp": 3,
    "level": 1
  },
  "290620803249340416": {
    "exp": 1,
    "level": 1
  },
  "317118066641338368": {
    "exp": 1,
    "level": 1
  },
  "133332604731654144": {
    "exp": 2,
    "level": 1
  },
  "419292614043500554": {
    "exp": 3,
    "level": 1
  },
  "198549844749582345": {
    "exp": 4,
    "level": 1
  },
  "178366318221721601": {
    "exp": 8,
    "level": 1
  },
  "112306701075562496": {
    "exp": 1,
    "level": 1
  },
  "256201804679741441": {
    "exp": 1,
    "level": 1
  },
  "98856391648772096": {
    "exp": 1,
    "level": 1
  },
  "99032559551262720": {
    "exp": 1,
    "level": 1
  },
  "174810999197532160": {
    "exp": 3,
    "level": 1
  },
  "413051886166343681": {
    "exp": 2,
    "level": 1
  },
  "159347978379722757": {
    "exp": 1,
    "level": 1
  },
  "429329500333932554": {
    "exp": 1,
    "level": 1
  },
  "344022665763487745": {
    "exp": 1,
    "level": 1
  },
  "439373663905513473": {
    "exp": 7,
    "level": 1
  },
  "218155959493722115": {
    "exp": 2,
    "level": 1
  },
  "216901800899510272": {
    "exp": 8,
    "level": 1
  },
  "449655243459002389": {
    "exp": 2,
    "level": 1
  },
  "237335520307445761": {
    "exp": 1,
    "level": 1
  },
  "111257138529112064": {
    "exp": 1,
    "level": 1
  },
  "449656401342627877": {
    "exp": 1,
    "level": 1
  },
  "140435067926347776": {
    "exp": 1,
    "level": 1
  },
  "249312921149112320": {
    "exp": 1,
    "level": 1
  },
  "307986029325844480": {
    "exp": 1,
    "level": 1
  },
  "295793939070451712": {
    "exp": 1,
    "level": 1
  },
  "186628101697044481": {
    "exp": 1,
    "level": 1
  },
  "414158306777497601": {
    "exp": 1,
    "level": 1
  },
  "291226226608308224": {
    "exp": 4,
    "level": 1
  },
  "176814930605899778": {
    "exp": 2,
    "level": 1
  },
  "421415922872483840": {
    "exp": 1,
    "level": 1
  },
  "114241926617759748": {
    "exp": 1,
    "level": 1
  }
}